{
  "hash": "e12a995a",
  "configHash": "7fca52b4",
  "lockfileHash": "c2b23144",
  "browserHash": "6fb28ca3",
  "optimized": {
    "@angular/common/http": {
      "src": "../../../../../node_modules/@angular/common/fesm2022/http.mjs",
      "file": "@angular_common_http.js",
      "fileHash": "0f83d788",
      "needsInterop": false
    },
    "@angular/core": {
      "src": "../../../../../node_modules/@angular/core/fesm2022/core.mjs",
      "file": "@angular_core.js",
      "fileHash": "4a4fc497",
      "needsInterop": false
    },
    "@angular/forms": {
      "src": "../../../../../node_modules/@angular/forms/fesm2022/forms.mjs",
      "file": "@angular_forms.js",
      "fileHash": "083dcc78",
      "needsInterop": false
    },
    "@angular/platform-browser": {
      "src": "../../../../../node_modules/@angular/platform-browser/fesm2022/platform-browser.mjs",
      "file": "@angular_platform-browser.js",
      "fileHash": "5e243d65",
      "needsInterop": false
    },
    "@angular/router": {
      "src": "../../../../../node_modules/@angular/router/fesm2022/router.mjs",
      "file": "@angular_router.js",
      "fileHash": "e7fe0bc6",
      "needsInterop": false
    },
    "ngx-toastr": {
      "src": "../../../../../node_modules/ngx-toastr/fesm2022/ngx-toastr.mjs",
      "file": "ngx-toastr.js",
      "fileHash": "a2412812",
      "needsInterop": false
    },
    "rxjs": {
      "src": "../../../../../node_modules/rxjs/dist/esm5/index.js",
      "file": "rxjs.js",
      "fileHash": "50c55f5b",
      "needsInterop": false
    },
    "@angular/platform-browser/animations": {
      "src": "../../../../../node_modules/@angular/platform-browser/fesm2022/animations.mjs",
      "file": "@angular_platform-browser_animations.js",
      "fileHash": "f04159c7",
      "needsInterop": false
    },
    "@angular/platform-browser/animations/async": {
      "src": "../../../../../node_modules/@angular/platform-browser/fesm2022/animations/async.mjs",
      "file": "@angular_platform-browser_animations_async.js",
      "fileHash": "b3669c5d",
      "needsInterop": false
    },
    "rxjs/operators": {
      "src": "../../../../../node_modules/rxjs/dist/esm5/operators/index.js",
      "file": "rxjs_operators.js",
      "fileHash": "4d88a831",
      "needsInterop": false
    }
  },
  "chunks": {
    "browser-JFCDJH5N": {
      "file": "browser-JFCDJH5N.js"
    },
    "chunk-EOYNYM6T": {
      "file": "chunk-EOYNYM6T.js"
    },
    "chunk-UZ6R7LV4": {
      "file": "chunk-UZ6R7LV4.js"
    },
    "chunk-QXKLVK5I": {
      "file": "chunk-QXKLVK5I.js"
    },
    "chunk-JH32CHTL": {
      "file": "chunk-JH32CHTL.js"
    },
    "chunk-SNR23EDA": {
      "file": "chunk-SNR23EDA.js"
    },
    "chunk-AD2DJZ6X": {
      "file": "chunk-AD2DJZ6X.js"
    },
    "chunk-2QIGSY4I": {
      "file": "chunk-2QIGSY4I.js"
    },
    "chunk-RXWMTUTY": {
      "file": "chunk-RXWMTUTY.js"
    },
    "chunk-O3FM7X4Z": {
      "file": "chunk-O3FM7X4Z.js"
    }
  }
}