{
  "user": [
    {
      "id": "8286",
      "nome_completo": "aa",
      "email": "aa",
      "senha": "aaa"
    },
    {
      "id": "53fc",
      "nome_completo": "aaa",
      "email": "aaa",
      "senha": "aaa"
    }
  ],
  "game": [
    {
      "id": "809f",
      "usuario_id": "8286",
      "status": "Pendente",
      "nivel_atual": 1,
      "numero_acertos": 0,
      "numero_erros": 0,
      "data_de_criacao": "2024-06-22 04:18:10"
    },
    {
      "id": "bda2",
      "usuario_id": "8286",
      "status": "Concluido",
      "nivel_atual": 3,
      "numero_acertos": 7,
      "numero_erros": 2,
      "data_de_criacao": "2024-06-22 04:22:51"
    },
    {
      "id": "7cf5",
      "usuario_id": "8286",
      "status": "Pendente",
      "nivel_atual": 1,
      "numero_acertos": 0,
      "numero_erros": 0,
      "data_de_criacao": "2024-06-22 04:55:48"
    }
  ]
}